rank,eigenvalue,fraction,cumulative_fraction
1,1.49355207107,0.114888620852,0.114888620852
2,1.45156451598,0.111658808921,0.226547429773
3,1.43063820856,0.110049092966,0.336596522739
4,1.39834051635,0.107564655104,0.444161177843
5,1.39525761496,0.107327508843,0.551488686686
6,1.34723343257,0.103633340967,0.655122027652
7,1,0.0769230769231,0.732045104576
8,0.652766567433,0.0502128128795,0.782257917455
9,0.604742385039,0.046518645003,0.828776562458
10,0.601659483649,0.0462814987422,0.8750580612
11,0.569361791443,0.0437970608802,0.918855122081
12,0.548435484025,0.0421873449252,0.961042467005
13,0.506447928929,0.0389575329945,1
