target,predictor_set,heldout_r2
branch_separation,q0_only,0.4404015988083142
branch_separation,q0_plus_zchi,0.44534720037382214
branch_separation,q0_plus_wa,0.5006996138833644
branch_separation,present_native_om_w0,0.8207395030636243
branch_separation,native_om_w0_wa,0.9182049754544352
branch_separation,native_om_w0_wa_poly2,0.9933494661432853
recent_minus_chi,q0_only,0.7180189158056143
recent_minus_chi,q0_plus_zchi,0.9557236316969666
recent_minus_chi,q0_plus_wa,0.8470389450316184
recent_minus_chi,present_native_om_w0,0.8659206734299438
recent_minus_chi,native_om_w0_wa,0.970442692080749
recent_minus_chi,native_om_w0_wa_poly2,0.9986289125312411
earlier_minus_chi,q0_only,0.34071728478949304
earlier_minus_chi,q0_plus_zchi,0.7434946277965349
earlier_minus_chi,q0_plus_wa,0.9164735004774767
earlier_minus_chi,present_native_om_w0,0.33646513873320893
earlier_minus_chi,native_om_w0_wa,0.9312956085010236
earlier_minus_chi,native_om_w0_wa_poly2,0.9954388334437974
