metric,value
n_null,500000
rng_seed,260930
observed_deff,1.0144800394706674
observed_rank1_residual_fraction,0.007188352737654337
observed_rank1_residual_percent,0.7188352737654338
identity_deff_from_residual,1.0144800394706677
identity_absolute_error,2.220446049250313e-16
direction_only_deff,1.4968946039504927
direction_only_rank1_residual_fraction,0.21012959279607
direction_only_rank1_residual_percent,21.012959279607
fixed_norm_null_p_residual_le_observed,0.306286
fixed_norm_null_p_residual_ge_observed,0.693714
fixed_norm_null_p_abs_cos_ge_observed,0.306286
null_residual_q025,0.0015680471795191933
null_residual_q05,0.002451587667762927
null_residual_q50,0.009066951434696947
null_residual_q95,0.010850725053665135
null_residual_q975,0.010863393946279352
