cite_key,role,reference
Chr26,local chi / EP foundation,10.1038/s41598-026-56887-7
Nad16,modal eigenstructure comparator,10.1093/mnras/stx1662
Lee26b,information dimensionality comparator,arXiv:2602.08207
Roy11,DM-DE instability-sector comparator,10.1088/0264-9381/28/16/165004
Sha21,background+perturbation dynamical-system comparator,10.1016/j.dark.2023.101192
Bas19,background+perturbation stability comparator,10.1103/PhysRevD.100.043524
Vru21,history/memory precedent,10.1103/PhysRevLett.127.231101
Wie10,multiscale structure-expansion precedent,10.1103/PhysRevD.82.023523
Kun07b,dark-degeneracy guardrail,10.1103/PhysRevD.80.123001
Mar19,dark-degeneracy perturbation guardrail,10.1016/j.dark.2020.100490
Per22,expansion-growth comparator,10.1016/j.dark.2022.101119
You26,nonparametric expansion-growth degeneracy comparator,arXiv:2607.11813
Sui25,summary sufficiency/complementarity comparator,10.3847/1538-4357/ae3aa4
Hea20,new-physics-aware compression comparator,10.1093/mnras/staa2589
Nic18,consistency/model-rejection comparator,10.1088/1475-7516/2019/01/011
